{
  "rf_f1": 0.9716402974983097,
  "dt_f1": 0.9683324143001563,
  "ada_f1": 0.8453514739229026,
  "normalized_weights": [
    0.3488428034622711,
    0.3476551919034045,
    0.30350200463432436
  ]
}